<?xml version="1.0" encoding="UTF-8"?>
<beans xmlns="http://www.springframework.org/schema/beans"
       xmlns:xsi="http://www.w3.org/2001/XMLSchema-instance"
       xmlns:context="http://www.springframework.org/schema/context"
       xmlns:mvc="http://www.springframework.org/schema/mvc"
       xsi:schemaLocation="http://www.springframework.org/schema/beans http://www.springframework.org/schema/beans/spring-beans.xsd
        http://www.springframework.org/schema/context http://www.springframework.org/schema/context/spring-context-4.0.xsd
        http://www.springframework.org/schema/mvc http://www.springframework.org/schema/mvc/spring-mvc-4.0.xsd">

    <context:component-scan base-package="com.mooc">
        <context:exclude-filter type="annotation" expression="org.springframework.stereotype.Controller"/>
    </context:component-scan>

    <!--数据源-->
    <context:property-placeholder location="classpath:db.properties"/>
    <!-- 数据库连接池 -->
    <bean id="dataSource" class="com.mchange.v2.c3p0.ComboPooledDataSource"
          destroy-method="close">
        <property name="driverClass" value="${jdbc.driverClass}"/>
        <property name="jdbcUrl" value="${jdbc.jdbcUrl}"/>
        <property name="user" value="${jdbc.user}"/>
        <property name="password" value="${jdbc.password}"/>
        <property name="minPoolSize" value="${jdbc.miniPoolSize}"/>
        <property name="maxPoolSize" value="${jdbc.maxPoolSize}"/>
        <property name="initialPoolSize" value="${jdbc.initialPoolSize}"/>
        <property name="maxIdleTime" value="${jdbc.maxIdleTime}"/>
        <property name="acquireIncrement" value="${jdbc.acquireIncrement}"/>

        <property name="acquireRetryAttempts" value="${jdbc.acquireRetryAttempts}"/>
        <property name="acquireRetryDelay" value="${jdbc.acquireRetryDelay}"/>
        <property name="testConnectionOnCheckin" value="${jdbc.testConnectionOnCheckin}"/>
        <property name="automaticTestTable" value="${jdbc.automaticTestTable}"/>
        <property name="idleConnectionTestPeriod" value="${jdbc.idleConnectionTestPeriod}"/>
        <property name="checkoutTimeout" value="${jdbc.checkoutTimeout}"/>

    </bean>


    <!--配置和Mybatis整合-->
    <bean id="sqlSessionFactory" class="org.mybatis.spring.SqlSessionFactoryBean">
        <!--指定mybatis全局配置文件的位置-->
        <property name="configLocation" value="classpath:mybatis-config.xml"/>
        <!--数据源-->
        <property name="dataSource" ref="dataSource"/>
    </bean>

    <!--配置扫描器 , 将Mybatis接口的实现加入到IOC容器中-->
    <bean class="org.mybatis.spring.mapper.MapperScannerConfigurer">
        <!--扫描所有的dao接口，加入到IOC容器中-->
        <property name="basePackage" value="com.mooc.mapper"/>
        <property name="sqlSessionFactoryBeanName" value="sqlSessionFactory"/>
    </bean>
</beans>